{
  "reference_version": "D16ads_v6_8c",
  "benchmark_version": "1.1.0",
  "mode": "normal",
  "machine": {
    "cpu_model": "AMD EPYC 9V74 80-Core Processor",
    "arch": "x86_64",
    "logical_cores": 16,
    "physical_cores": 8,
    "perf_cores": null,
    "eff_cores": null,
    "ram_gb": 57.4,
    "os": "Linux 5.15.0-1091-azure",
    "python": "3.12.3",
    "blas_backend": "OpenBLAS",
    "blas_threads_detected": 16,
    "baseline_load_pct": 1.0,
    "import_time_s": 0.044,
    "libs": {
      "numpy": "2.4.6",
      "scipy": "1.17.1",
      "scikit-learn": "1.9.0",
      "pandas": "3.0.3",
      "polars": "1.41.2",
      "lightgbm": "4.6.0"
    },
    "continuous_run": true
  },
  "baselines": {
    "all_cores": {
      "dp_groupby[pandas]": 3.1950600129999884,
      "dp_groupby[polars]": 0.7568624470000032,
      "dp_join[pandas]": 15.15104468200002,
      "dp_join[polars]": 0.8663830869999174,
      "dp_filter[pandas]": 0.6237559109999893,
      "dp_filter[polars]": 0.18373632800000905,
      "dp_string[pandas]": 18.918375189000017,
      "dp_string[polars]": 5.963118414000064,
      "dp_rolling[pandas]": 9.194512643000053,
      "dp_rolling[polars]": 1.8903426969998236,
      "fe_lags[pandas]": 0.26695534600003157,
      "fe_lags[polars]": 0.23931832300013411,
      "fe_rolling[pandas]": 3.0980178499999056,
      "fe_rolling[polars]": 0.38340227100002267,
      "fe_ewm[pandas]": 2.162691447000043,
      "fe_ewm[polars]": 0.128061611000021,
      "fe_onehot[pandas]": 1.016356160000214,
      "fe_onehot[polars]": 0.9004717889999938,
      "fe_rank[pandas]": 9.230364679999866,
      "fe_rank[polars]": 3.586529763000044,
      "fe_datetime[pandas]": 0.9816018900000927,
      "fe_datetime[polars]": 0.2812429710002107,
      "la_gemm": 14.993903889000194,
      "la_solve": 7.94958314600035,
      "la_cholesky": 5.7440098309998575,
      "la_qr": 13.611849354000242,
      "la_svd": 13.981163328999628,
      "la_eigh": 14.25460182200004,
      "la_fft": 24.66224663200046,
      "mf_pca": 2.697154170000431,
      "mf_nmf": 8.468218084,
      "cl_kmeans": 5.22227385000042,
      "cl_optics": 8.025625620000028,
      "cl_gmm": 2.4758567690005293,
      "cl_agglom": 8.650229611999748,
      "md_linreg": 10.210301228999924,
      "md_ridge": 4.736823484000524,
      "md_lasso": 7.77835612600029,
      "md_logreg": 0.36036827199950494,
      "md_bayes_ridge": 16.03097466700001,
      "md_gpr": 3.5240324679998594,
      "md_rf": 11.235946653999235,
      "md_rf_predict": 7.086352796000028,
      "md_lgbm": 13.67767141100012,
      "md_svc_rbf": 0.0305387790003806,
      "md_autoarima": 14.36173814599988,
      "md_knn": 0.1417081830004463,
      "sp_tfidf": 9.446188563999385,
      "sp_fhash": 4.605251053000757,
      "sp_matmul": 0.6298824610003066,
      "sp_tsvd": 20.56599423499938,
      "sp_nmf": 21.80803337100042,
      "sp_saga": 6.982839534999584,
      "nlp_lda": 19.931151246999434,
      "sp_lasso_cv": 26.47875470500003
    },
    "single_core": {
      "dp_groupby[pandas]": 3.068055070000014,
      "dp_groupby[polars]": 5.907542725999974,
      "dp_join[pandas]": 15.471868047000044,
      "dp_join[polars]": 6.447895259999996,
      "dp_filter[pandas]": 0.6224736269999767,
      "dp_filter[polars]": 0.22014700099998663,
      "dp_string[pandas]": 19.080475703000047,
      "dp_string[polars]": 9.904973307999853,
      "dp_rolling[pandas]": 9.243553436999946,
      "dp_rolling[polars]": 2.4829647359999854,
      "fe_lags[pandas]": 0.2757277630000772,
      "fe_lags[polars]": 0.3151049600000988,
      "fe_rolling[pandas]": 3.102742552000109,
      "fe_rolling[polars]": 1.073129710999865,
      "fe_ewm[pandas]": 2.2527986810000584,
      "fe_ewm[polars]": 0.2279224950000298,
      "fe_onehot[pandas]": 0.9890878999999586,
      "fe_onehot[polars]": 1.170507293000128,
      "fe_rank[pandas]": 9.216697118999946,
      "fe_rank[polars]": 10.76232422499993,
      "fe_datetime[pandas]": 0.9851833849998002,
      "fe_datetime[polars]": 0.9955581049998727,
      "la_gemm": 117.22876208999969,
      "la_solve": 43.00356484899976,
      "la_cholesky": 36.100226454999756,
      "la_qr": 52.9628328660001,
      "la_svd": 32.61101121699994,
      "la_eigh": 37.031954114000655,
      "la_fft": 24.651690689000134,
      "mf_pca": 12.037710870999945,
      "mf_nmf": 33.31168244499986,
      "cl_kmeans": 16.140622707999682,
      "cl_optics": 8.032178237999688,
      "cl_gmm": 2.46887099200012,
      "cl_agglom": 8.986098015000607,
      "md_linreg": 14.602541479999672,
      "md_ridge": 16.043294154999785,
      "md_lasso": 14.139413990999856,
      "md_logreg": 0.681001556999945,
      "md_bayes_ridge": 26.602566370000204,
      "md_gpr": 14.025974879999922,
      "md_rf": 79.46270021300006,
      "md_rf_predict": 26.567302254000424,
      "md_lgbm": 85.72696408299998,
      "md_svc_rbf": 0.030968850000135717,
      "md_autoarima": 104.95663310499913,
      "md_knn": 0.8304386349991546,
      "sp_tfidf": 9.305070910999348,
      "sp_fhash": 4.817270430999997,
      "sp_matmul": 0.5920645760015759,
      "sp_tsvd": 21.945887522999328,
      "sp_nmf": 22.153223062001416,
      "sp_saga": 6.891884774000573,
      "nlp_lda": 119.41102527899966,
      "sp_lasso_cv": 111.2989490150012
    }
  }
}